,Age,Height (cm),Weight (kg),Pre-treatment NT-proBNP (pg/mL),Week 4 NT-proBNP (pg/mL),Week 8 NT-proBNP (pg/mL),Pre-treatment BNP (pg/mL),Left ventricular ejection fraction (%),BMI (kg/m^2)
mean,49.497652582159624,181.70892018779344,77.77230046948357,6183.710401408451,4619.231669014085,3450.5660375586854,1540.2191150234742,31.031333333333333,24.28772249605505
std,18.198933236518346,18.053378768222558,22.659469551215157,702.2666347266389,524.5931657363275,391.8711040056363,179.40323297823596,4.06727168697719,8.7236762459037
median,51.0,181.0,77.0,6108.9,4563.3485,3408.821,1501.774,30.5285,23.573664308102167
