Race,Enalapril,Sacubitril-valsartan
Asian,3493.1810983606556,1758.2501228070175
Black,3494.428709677419,1761.6716111111111
Caucasian,3420.9831904761904,1729.2080862068965
Native American,3409.8970972222223,1755.9901538461538
Other,3440.7745576923076,1772.5181304347827
Pacific Islander,3437.4006301369864,1783.4130666666667
Unknown,3472.4988372093026,1752.534213114754
