,Age,Height (cm),Weight (kg),Pre-treatment NT-proBNP (pg/mL),Week 4 NT-proBNP (pg/mL),Week 8 NT-proBNP (pg/mL),Pre-treatment BNP (pg/mL),Left ventricular ejection fraction (%),BMI (kg/m^2)
mean,48.977375565610856,182.26696832579185,80.15610859728507,6193.546554298641,3301.160303167421,1759.5184705882352,1534.9598371040727,30.679509049773756,24.826361056450676
std,17.604097502542945,17.318707705631468,23.653883129207784,696.0081226123417,370.9723328763568,197.72824854445636,165.31050941172595,4.020709586538549,8.8191348626456
median,49.0,183.0,81.0,6064.394,3232.322,1722.828,1500.356,29.816499999999998,24.45908500649236
